<?xml version="1.0" encoding="UTF-8"?>

<ValueSet xmlns="http://hl7.org/fhir">
  <id value="identifier-type"/>
  <text>
    <status value="generated"/><div xmlns="http://www.w3.org/1999/xhtml"><p>This value set includes codes based on the following rules:</p><ul><li>Include all codes defined in <a href="http://terminology.hl7.org/2.1.0/CodeSystem-v2-0203.html"><code>http://terminology.hl7.org/CodeSystem/v2-0203</code></a></li><li>Include all codes defined in <a href="CodeSystem-identifier-type.html"><code>http://ibm.com/fhir/cdm/CodeSystem/identifier-type</code></a></li></ul></div>
  </text>
  <url value="http://ibm.com/fhir/cdm/ValueSet/identifier-type"/>
  <version value="0.1.0"/>
  <name value="IdentifierTypeValueSet"/>
  <title value="Identifier Type Value Set"/>
  <status value="active"/>
  <date value="2021-07-26T16:28:34+00:00"/>
  <contact>
    <name value="Kim Kenna"/>
    <telecom>
      <system value="email"/>
      <value value="sloand@us.ibm.com"/>
    </telecom>
  </contact>
  <contact>
    <name value="Tom Eggebraaten"/>
    <telecom>
      <system value="email"/>
      <value value="tegge@us.ibm.com"/>
    </telecom>
  </contact>
  <description value="Extended set of identifier type codes from FHIR HL7 and extended IBM Health Data Connect Common Data Model resource identifiers"/>
  <compose>
    <include>
      <system value="http://terminology.hl7.org/CodeSystem/v2-0203"/>
    </include>
    <include>
      <system value="http://ibm.com/fhir/cdm/CodeSystem/identifier-type"/>
    </include>
  </compose>
</ValueSet>