<?xml version="1.0" encoding="UTF-8"?>

<ValueSet xmlns="http://hl7.org/fhir">
  <id value="appointment-cancellation-reason"/>
  <text>
    <status value="generated"/><div xmlns="http://www.w3.org/1999/xhtml"><p>This value set includes codes based on the following rules:</p><ul><li>Include all codes defined in <a href="http://terminology.hl7.org/2.1.0/CodeSystem-appointment-cancellation-reason.html"><code>http://terminology.hl7.org/CodeSystem/appointment-cancellation-reason</code></a></li><li>Include all codes defined in <a href="CodeSystem-appointment-cancellation-reason.html"><code>http://ibm.com/fhir/cdm/CodeSystem/appointment-cancellation-reason</code></a></li></ul></div>
  </text>
  <url value="http://ibm.com/fhir/cdm/ValueSet/appointment-cancellation-reason"/>
  <version value="0.1.0"/>
  <name value="AppointmentCancellationReasonValueSet"/>
  <title value="Appointment Cancellation Reason Value Set"/>
  <status value="active"/>
  <date value="2021-07-26T17:03:46+00:00"/>
  <contact>
    <name value="Kim Kenna"/>
    <telecom>
      <system value="email"/>
      <value value="sloand@us.ibm.com"/>
    </telecom>
  </contact>
  <contact>
    <name value="Tom Eggebraaten"/>
    <telecom>
      <system value="email"/>
      <value value="tegge@us.ibm.com"/>
    </telecom>
  </contact>
  <description value="Extended set of reasons for the cancellation of an appointment"/>
  <compose>
    <include>
      <system value="http://terminology.hl7.org/CodeSystem/appointment-cancellation-reason"/>
    </include>
    <include>
      <system value="http://ibm.com/fhir/cdm/CodeSystem/appointment-cancellation-reason"/>
    </include>
  </compose>
</ValueSet>