{
  "resourceType": "ValueSet",
  "id": "identifier-type",
  "text": {
    "status": "generated",
    "div": "<div xmlns=\"http://www.w3.org/1999/xhtml\"><p>This value set includes codes based on the following rules:</p><ul><li>Include all codes defined in <a href=\"http://terminology.hl7.org/2.1.0/CodeSystem-v2-0203.html\"><code>http://terminology.hl7.org/CodeSystem/v2-0203</code></a></li><li>Include all codes defined in <a href=\"CodeSystem-identifier-type.html\"><code>http://ibm.com/fhir/cdm/CodeSystem/identifier-type</code></a></li></ul></div>"
  },
  "url": "http://ibm.com/fhir/cdm/ValueSet/identifier-type",
  "version": "0.1.0",
  "name": "IdentifierTypeValueSet",
  "title": "Identifier Type Value Set",
  "status": "active",
  "date": "2021-07-01T16:53:16+00:00",
  "contact": [
    {
      "name": "Kim Kenna",
      "telecom": [
        {
          "system": "email",
          "value": "sloand@us.ibm.com"
        }
      ]
    },
    {
      "name": "Tom Eggebraaten",
      "telecom": [
        {
          "system": "email",
          "value": "tegge@us.ibm.com"
        }
      ]
    }
  ],
  "description": "Extended set of identifier type codes from FHIR HL7 and extended IBM Health Data Connect Common Data Model resource identifiers",
  "compose": {
    "include": [
      {
        "system": "http://terminology.hl7.org/CodeSystem/v2-0203"
      },
      {
        "system": "http://ibm.com/fhir/cdm/CodeSystem/identifier-type"
      }
    ]
  }
}