<?xml version="1.0" encoding="UTF-8"?><CodeSystem xmlns="http://hl7.org/fhir"><id value="appointment-cancellation-reason"/><text><status value="generated"/><div xmlns="http://www.w3.org/1999/xhtml"><p>This code system http://ibm.com/fhir/cdm/CodeSystem/appointment-cancellation-reason defines the following codes:</p><table class="codes"><tr><td style="white-space:nowrap"><b>Code</b></td><td><b>Display</b></td><td><b>Definition</b></td></tr><tr><td style="white-space:nowrap">deleted<a name="appointment-cancellation-reason-deleted"> </a></td><td>Deleted</td><td>Appointment was either logically deleted or physically deleted</td></tr><tr><td style="white-space:nowrap">rescheduled<a name="appointment-cancellation-reason-rescheduled"> </a></td><td>Rescheduled</td><td>Appointment was rescheduled</td></tr></table></div></text><url value="http://ibm.com/fhir/cdm/CodeSystem/appointment-cancellation-reason"/><version value="0.1.0"/><name value="AppointmentCancellationReasonCodeSystem"/><title value="Appointment Cancellation Reason Codes"/><status value="active"/><date value="2021-07-02T00:29:18+00:00"/><contact><name value="Kim Kenna"/><telecom><system value="email"/><value value="sloand@us.ibm.com"/></telecom></contact><contact><name value="Tom Eggebraaten"/><telecom><system value="email"/><value value="tegge@us.ibm.com"/></telecom></contact><description value="Extended reasons for the cancellation of an appointment"/><content value="complete"/><count value="2"/><concept><code value="deleted"/><display value="Deleted"/><definition value="Appointment was either logically deleted or physically deleted"/></concept><concept><code value="rescheduled"/><display value="Rescheduled"/><definition value="Appointment was rescheduled"/></concept></CodeSystem>