<?xml version="1.0" encoding="UTF-8"?><ImplementationGuide xmlns="http://hl7.org/fhir"><id value="alvearie.fhir.ig"/><text><status value="extensions"/><div xmlns="http://www.w3.org/1999/xhtml"><h2>AlvearieFHIRImplementationGuide</h2><p>The official URL for this implementation guide is: </p><pre>http://ibm.com/fhir/cdm/ImplementationGuide/alvearie.fhir.ig</pre><div><p>Alvearie FHIR Profiles</p>
</div></div></text><url value="http://ibm.com/fhir/cdm/ImplementationGuide/alvearie.fhir.ig"/><version value="0.1.0"/><name value="AlvearieFHIRImplementationGuide"/><title value="Alvearie FHIR Implementation Guide"/><status value="active"/><date value="2021-07-01T19:57:29+00:00"/><contact><name value="Kim Kenna"/><telecom><system value="email"/><value value="sloand@us.ibm.com"/></telecom></contact><contact><name value="Tom Eggebraaten"/><telecom><system value="email"/><value value="tegge@us.ibm.com"/></telecom></contact><description value="Alvearie FHIR Profiles"/><packageId value="alvearie.fhir.ig"/><license value="CC0-1.0"/><fhirVersion value="4.0.1"/><dependsOn id="hl7_fhir_us_core"><uri value="http://hl7.org/fhir/us/core/ImplementationGuide/hl7.fhir.us.core"/><packageId value="hl7.fhir.us.core"/><version value="3.1.0"/></dependsOn><definition><extension url="http://hl7.org/fhir/tools/StructureDefinition/ig-parameter"><extension url="code"><valueString value="copyrightyear"/></extension><extension url="value"><valueString value="2021+"/></extension></extension><extension url="http://hl7.org/fhir/tools/StructureDefinition/ig-parameter"><extension url="code"><valueString value="releaselabel"/></extension><extension url="value"><valueString value="CI Build"/></extension></extension><extension url="http://hl7.org/fhir/tools/StructureDefinition/ig-parameter"><extension url="code"><valueString value="show-inherited-invariants"/></extension><extension url="value"><valueString value="false"/></extension></extension><extension url="http://hl7.org/fhir/tools/StructureDefinition/ig-parameter"><extension url="code"><valueString value="path-liquid"/></extension><extension url="value"><valueString value="template/liquid"/></extension></extension><extension url="http://hl7.org/fhir/tools/StructureDefinition/ig-parameter"><extension url="code"><valueString value="path-liquid"/></extension><extension url="value"><valueString value="input/liquid"/></extension></extension><extension url="http://hl7.org/fhir/tools/StructureDefinition/ig-parameter"><extension url="code"><valueString value="path-qa"/></extension><extension url="value"><valueString value="temp/qa"/></extension></extension><extension url="http://hl7.org/fhir/tools/StructureDefinition/ig-parameter"><extension url="code"><valueString value="path-temp"/></extension><extension url="value"><valueString value="temp/pages"/></extension></extension><extension url="http://hl7.org/fhir/tools/StructureDefinition/ig-parameter"><extension url="code"><valueString value="path-output"/></extension><extension url="value"><valueString value="output"/></extension></extension><extension url="http://hl7.org/fhir/tools/StructureDefinition/ig-parameter"><extension url="code"><valueString value="path-suppressed-warnings"/></extension><extension url="value"><valueString value="input/ignoreWarnings.txt"/></extension></extension><extension url="http://hl7.org/fhir/tools/StructureDefinition/ig-parameter"><extension url="code"><valueString value="path-history"/></extension><extension url="value"><valueString value="http://ibm.com/fhir/cdm/history.html"/></extension></extension><extension url="http://hl7.org/fhir/tools/StructureDefinition/ig-parameter"><extension url="code"><valueString value="template-html"/></extension><extension url="value"><valueString value="template-page.html"/></extension></extension><extension url="http://hl7.org/fhir/tools/StructureDefinition/ig-parameter"><extension url="code"><valueString value="template-md"/></extension><extension url="value"><valueString value="template-page-md.html"/></extension></extension><extension url="http://hl7.org/fhir/tools/StructureDefinition/ig-parameter"><extension url="code"><valueString value="apply-contact"/></extension><extension url="value"><valueString value="true"/></extension></extension><extension url="http://hl7.org/fhir/tools/StructureDefinition/ig-parameter"><extension url="code"><valueString value="apply-context"/></extension><extension url="value"><valueString value="true"/></extension></extension><extension url="http://hl7.org/fhir/tools/StructureDefinition/ig-parameter"><extension url="code"><valueString value="apply-copyright"/></extension><extension url="value"><valueString value="true"/></extension></extension><extension url="http://hl7.org/fhir/tools/StructureDefinition/ig-parameter"><extension url="code"><valueString value="apply-jurisdiction"/></extension><extension url="value"><valueString value="true"/></extension></extension><extension url="http://hl7.org/fhir/tools/StructureDefinition/ig-parameter"><extension url="code"><valueString value="apply-license"/></extension><extension url="value"><valueString value="true"/></extension></extension><extension url="http://hl7.org/fhir/tools/StructureDefinition/ig-parameter"><extension url="code"><valueString value="apply-publisher"/></extension><extension url="value"><valueString value="true"/></extension></extension><extension url="http://hl7.org/fhir/tools/StructureDefinition/ig-parameter"><extension url="code"><valueString value="apply-version"/></extension><extension url="value"><valueString value="true"/></extension></extension><extension url="http://hl7.org/fhir/tools/StructureDefinition/ig-parameter"><extension url="code"><valueString value="active-tables"/></extension><extension url="value"><valueString value="true"/></extension></extension><grouping id="-str-profile"><name value="Structures: Resource Profiles"/><description value="These define constraints on FHIR resources for systems conforming to this implementation guide"/></grouping><grouping id="-str-datatype"><name value="Structures: Data Type Profiles"/><description value="These define constraints on FHIR data types for systems conforming to this implementation guide"/></grouping><grouping id="-str-extension"><name value="Structures: Extension Definitions"/><description value="These define constraints on FHIR data types for systems conforming to this implementation guide"/></grouping><grouping id="-term-valueset"><name value="Terminology: Value Sets"/><description value="These define sets of codes used by systems conforming to this implementation guide"/></grouping><grouping id="-term-codesystem"><name value="Terminology: Code Systems"/><description value="These define new code systems used by systems conforming to this implementation guide"/></grouping><grouping id="-ex-example"><name value="Example: Example Instances"/><description value="These are example instances that show what data produced and consumed by systems conforming with this implementation guide might look like"/></grouping><resource><extension url="http://hl7.org/fhir/StructureDefinition/implementationguide-page"><valueUri value="StructureDefinition-cdm-appointment.html"/></extension><reference><reference value="StructureDefinition/cdm-appointment"/></reference><name value="CDM Appointment"/><description value="IBM Health Data Connect Common Data Model definition of what fields we currently define for an appointment"/><exampleBoolean value="false"/><groupingId value="-str-profile"/></resource><resource><extension url="http://hl7.org/fhir/StructureDefinition/implementationguide-page"><valueUri value="StructureDefinition-process-meta.html"/></extension><reference><reference value="StructureDefinition/process-meta"/></reference><name value="Process Meta"/><description value="Data lineage meta with process extensions"/><exampleBoolean value="false"/><groupingId value="-str-datatype"/></resource><resource><extension url="http://hl7.org/fhir/StructureDefinition/implementationguide-page"><valueUri value="StructureDefinition-ingestion-batch-id.html"/></extension><reference><reference value="StructureDefinition/ingestion-batch-id"/></reference><name value="Ingestion Batch Id"/><description value="The ID generated by an ingestion service. This represents a producer-submitted message collection"/><exampleBoolean value="false"/><groupingId value="-str-extension"/></resource><resource><extension url="http://hl7.org/fhir/StructureDefinition/implementationguide-page"><valueUri value="StructureDefinition-process-client-id.html"/></extension><reference><reference value="StructureDefinition/process-client-id"/></reference><name value="Process Client ID"/><description value="The ID of the client as recorded in the data producer or data integrator source system(s)"/><exampleBoolean value="false"/><groupingId value="-str-extension"/></resource><resource><extension url="http://hl7.org/fhir/StructureDefinition/implementationguide-page"><valueUri value="StructureDefinition-process-name.html"/></extension><reference><reference value="StructureDefinition/process-name"/></reference><name value="Process Name"/><description value="The name of the process or service that has produced the data held in the FHIR resource or element. Example: If an IBM analytic service has been the producer, use the process-name as the name of that analytic service."/><exampleBoolean value="false"/><groupingId value="-str-extension"/></resource><resource><extension url="http://hl7.org/fhir/StructureDefinition/implementationguide-page"><valueUri value="StructureDefinition-process-organization.html"/></extension><reference><reference value="StructureDefinition/process-organization"/></reference><name value="Process Organization"/><description value="The organizing entity that owns the process that has produced the data held in the FHIR resource or element. Example: If an IBM analytic service has been the producer, set the process-organization value to IBM."/><exampleBoolean value="false"/><groupingId value="-str-extension"/></resource><resource><extension url="http://hl7.org/fhir/StructureDefinition/implementationguide-page"><valueUri value="StructureDefinition-process-record-id.html"/></extension><reference><reference value="StructureDefinition/process-record-id"/></reference><name value="Process Record ID"/><description value="The record ID that the data producer or data integrator uses internally to identify this data"/><exampleBoolean value="false"/><groupingId value="-str-extension"/></resource><resource><extension url="http://hl7.org/fhir/StructureDefinition/implementationguide-page"><valueUri value="StructureDefinition-process-timestamp.html"/></extension><reference><reference value="StructureDefinition/process-timestamp"/></reference><name value="Process Timestamp"/><description value="The timestamp when the data was generated within the FHIR resource or element"/><exampleBoolean value="false"/><groupingId value="-str-extension"/></resource><resource><extension url="http://hl7.org/fhir/StructureDefinition/implementationguide-page"><valueUri value="StructureDefinition-process-type.html"/></extension><reference><reference value="StructureDefinition/process-type"/></reference><name value="Process Type"/><description value="The classification type of the process that has produced the data held in either the FHIR resource or element. Example: If the process is primarily a Natural Language Processing (NLP) service, you can specify NLP as the type. Or, if the process is primarily one that aggregates and groups related items, you can specify Grouper as the type."/><exampleBoolean value="false"/><groupingId value="-str-extension"/></resource><resource><extension url="http://hl7.org/fhir/StructureDefinition/implementationguide-page"><valueUri value="StructureDefinition-process-version.html"/></extension><reference><reference value="StructureDefinition/process-version"/></reference><name value="Process Version"/><description value="The version of either the process or the service that has produced the data held in the FHIR resource or element"/><exampleBoolean value="false"/><groupingId value="-str-extension"/></resource><resource><extension url="http://hl7.org/fhir/StructureDefinition/implementationguide-page"><valueUri value="StructureDefinition-source-data-model-version.html"/></extension><reference><reference value="StructureDefinition/source-data-model-version"/></reference><name value="Source Data Model Version"/><description value="Version of the source system&#39;s data model, used by either the data producer or the data integrator"/><exampleBoolean value="false"/><groupingId value="-str-extension"/></resource><resource><extension url="http://hl7.org/fhir/StructureDefinition/implementationguide-page"><valueUri value="StructureDefinition-source-event-timestamp.html"/></extension><reference><reference value="StructureDefinition/source-event-timestamp"/></reference><name value="Source Event Timestamp"/><description value="Date and time of the source event that triggers either the creation or updating of this FHIR resource"/><exampleBoolean value="false"/><groupingId value="-str-extension"/></resource><resource><extension url="http://hl7.org/fhir/StructureDefinition/implementationguide-page"><valueUri value="StructureDefinition-source-event-trigger.html"/></extension><reference><reference value="StructureDefinition/source-event-trigger"/></reference><name value="Source Event Trigger"/><description value="The event that is the catalyst for creating or updating this FHIR resource"/><exampleBoolean value="false"/><groupingId value="-str-extension"/></resource><resource><extension url="http://hl7.org/fhir/StructureDefinition/implementationguide-page"><valueUri value="StructureDefinition-source-file-id.html"/></extension><reference><reference value="StructureDefinition/source-file-id"/></reference><name value="Source File ID"/><description value="The ID for a file from which the data producer or data integrator extracted knowledge, to produce the data within this FHIR resource or element"/><exampleBoolean value="false"/><groupingId value="-str-extension"/></resource><resource><extension url="http://hl7.org/fhir/StructureDefinition/implementationguide-page"><valueUri value="StructureDefinition-source-record-id.html"/></extension><reference><reference value="StructureDefinition/source-record-id"/></reference><name value="Source Record ID"/><description value="The ID for a record that the data producer or data integrator extracted knowledge from to produce the data within the FHIR resource or element"/><exampleBoolean value="false"/><groupingId value="-str-extension"/></resource><resource><extension url="http://hl7.org/fhir/StructureDefinition/implementationguide-page"><valueUri value="StructureDefinition-source-record-type.html"/></extension><reference><reference value="StructureDefinition/source-record-type"/></reference><name value="Source Record Type"/><description value="Either the data model type or schema type that generates this FHIR resource"/><exampleBoolean value="false"/><groupingId value="-str-extension"/></resource><resource><extension url="http://hl7.org/fhir/StructureDefinition/implementationguide-page"><valueUri value="StructureDefinition-tenant-id.html"/></extension><reference><reference value="StructureDefinition/tenant-id"/></reference><name value="Tenant Id"/><description value="The ID for either the client or tenant that holds the contract with the data receiver, as recorded by the data receiver. This ID must be unique to data sent on behalf of that client or tenant within the data receiver systems. The receiver systems should associate this ID to the messages that originate from this client or tenant. This supports traceability, data protection, and data isolation, when appropriate."/><exampleBoolean value="false"/><groupingId value="-str-extension"/></resource><resource><extension url="http://hl7.org/fhir/StructureDefinition/implementationguide-page"><valueUri value="ValueSet-appointment-cancellation-reason.html"/></extension><reference><reference value="ValueSet/appointment-cancellation-reason"/></reference><name value="Appointment Cancellation Reason Value Set"/><description value="Extended set of reasons for the cancellation of an appointment"/><exampleBoolean value="false"/><groupingId value="-term-valueset"/></resource><resource><extension url="http://hl7.org/fhir/StructureDefinition/implementationguide-page"><valueUri value="ValueSet-identifier-type.html"/></extension><reference><reference value="ValueSet/identifier-type"/></reference><name value="Identifier Type Value Set"/><description value="Extended set of identifier type codes from FHIR HL7 and extended IBM Health Data Connect Common Data Model resource identifiers"/><exampleBoolean value="false"/><groupingId value="-term-valueset"/></resource><resource><extension url="http://hl7.org/fhir/StructureDefinition/implementationguide-page"><valueUri value="ValueSet-source-classification-values.html"/></extension><reference><reference value="ValueSet/source-classification-values"/></reference><name value="Primary or Secondary Value Set"/><description value="Source Classification Value Set"/><exampleBoolean value="false"/><groupingId value="-term-valueset"/></resource><resource><extension url="http://hl7.org/fhir/StructureDefinition/implementationguide-page"><valueUri value="CodeSystem-appointment-cancellation-reason.html"/></extension><reference><reference value="CodeSystem/appointment-cancellation-reason"/></reference><name value="Appointment Cancellation Reason Codes"/><description value="Extended reasons for the cancellation of an appointment"/><exampleBoolean value="false"/><groupingId value="-term-codesystem"/></resource><resource><extension url="http://hl7.org/fhir/StructureDefinition/implementationguide-page"><valueUri value="CodeSystem-identifier-type.html"/></extension><reference><reference value="CodeSystem/identifier-type"/></reference><name value="Identifier Type Codes"/><description value="Extended set of Identifier type code for IBM Health Data Connect Common Data Model resources"/><exampleBoolean value="false"/><groupingId value="-term-codesystem"/></resource><resource><extension url="http://hl7.org/fhir/StructureDefinition/implementationguide-page"><valueUri value="CodeSystem-process-meta-primary-or-secondary.html"/></extension><reference><reference value="CodeSystem/process-meta-primary-or-secondary"/></reference><name value="Primary or Secondary"/><description value="Identifies the origin of the data elements from primary or secondary systems"/><exampleBoolean value="false"/><groupingId value="-term-codesystem"/></resource><resource><extension url="http://hl7.org/fhir/StructureDefinition/implementationguide-page"><valueUri value="Appointment-AppointmentExample.html"/></extension><reference><reference value="Appointment/AppointmentExample"/></reference><name value="CDM Appointment Example"/><description value="Sample appointment in booked status"/><exampleCanonical value="http://ibm.com/fhir/cdm/StructureDefinition/cdm-appointment"/><groupingId value="-ex-example"/></resource><page><nameUrl value="toc.html"/><title value="Table of Contents"/><generation value="html"/><page><nameUrl value="index.html"/><title value="Home"/><generation value="markdown"/></page><page><nameUrl value="artifacts.html"/><title value="Artifacts Summary"/><generation value="html"/><page><nameUrl value="StructureDefinition-cdm-appointment.html"/><title value="CDM Appointment"/><generation value="generated"/></page><page><nameUrl value="StructureDefinition-process-meta.html"/><title value="Process Meta"/><generation value="generated"/></page><page><nameUrl value="StructureDefinition-ingestion-batch-id.html"/><title value="Ingestion Batch Id"/><generation value="generated"/></page><page><nameUrl value="StructureDefinition-process-client-id.html"/><title value="Process Client ID"/><generation value="generated"/></page><page><nameUrl value="StructureDefinition-process-name.html"/><title value="Process Name"/><generation value="generated"/></page><page><nameUrl value="StructureDefinition-process-organization.html"/><title value="Process Organization"/><generation value="generated"/></page><page><nameUrl value="StructureDefinition-process-record-id.html"/><title value="Process Record ID"/><generation value="generated"/></page><page><nameUrl value="StructureDefinition-process-timestamp.html"/><title value="Process Timestamp"/><generation value="generated"/></page><page><nameUrl value="StructureDefinition-process-type.html"/><title value="Process Type"/><generation value="generated"/></page><page><nameUrl value="StructureDefinition-process-version.html"/><title value="Process Version"/><generation value="generated"/></page><page><nameUrl value="StructureDefinition-source-data-model-version.html"/><title value="Source Data Model Version"/><generation value="generated"/></page><page><nameUrl value="StructureDefinition-source-event-timestamp.html"/><title value="Source Event Timestamp"/><generation value="generated"/></page><page><nameUrl value="StructureDefinition-source-event-trigger.html"/><title value="Source Event Trigger"/><generation value="generated"/></page><page><nameUrl value="StructureDefinition-source-file-id.html"/><title value="Source File ID"/><generation value="generated"/></page><page><nameUrl value="StructureDefinition-source-record-id.html"/><title value="Source Record ID"/><generation value="generated"/></page><page><nameUrl value="StructureDefinition-source-record-type.html"/><title value="Source Record Type"/><generation value="generated"/></page><page><nameUrl value="StructureDefinition-tenant-id.html"/><title value="Tenant Id"/><generation value="generated"/></page><page><nameUrl value="ValueSet-appointment-cancellation-reason.html"/><title value="Appointment Cancellation Reason Value Set"/><generation value="generated"/></page><page><nameUrl value="ValueSet-identifier-type.html"/><title value="Identifier Type Value Set"/><generation value="generated"/></page><page><nameUrl value="ValueSet-source-classification-values.html"/><title value="Primary or Secondary Value Set"/><generation value="generated"/></page><page><nameUrl value="CodeSystem-appointment-cancellation-reason.html"/><title value="Appointment Cancellation Reason Codes"/><generation value="generated"/></page><page><nameUrl value="CodeSystem-identifier-type.html"/><title value="Identifier Type Codes"/><generation value="generated"/></page><page><nameUrl value="CodeSystem-process-meta-primary-or-secondary.html"/><title value="Primary or Secondary"/><generation value="generated"/></page><page><nameUrl value="Appointment-AppointmentExample.html"/><title value="CDM Appointment Example"/><generation value="generated"/></page></page></page><parameter><code value="path-resource"/><value value="input/capabilities"/></parameter><parameter><code value="path-resource"/><value value="input/examples"/></parameter><parameter><code value="path-resource"/><value value="input/extensions"/></parameter><parameter><code value="path-resource"/><value value="input/models"/></parameter><parameter><code value="path-resource"/><value value="input/operations"/></parameter><parameter><code value="path-resource"/><value value="input/profiles"/></parameter><parameter><code value="path-resource"/><value value="input/resources"/></parameter><parameter><code value="path-resource"/><value value="input/vocabulary"/></parameter><parameter><code value="path-resource"/><value value="input/maps"/></parameter><parameter><code value="path-resource"/><value value="input/testing"/></parameter><parameter><code value="path-resource"/><value value="input/history"/></parameter><parameter><code value="path-resource"/><value value="fsh-generated/resources"/></parameter><parameter><code value="path-pages"/><value value="template/config"/></parameter><parameter><code value="path-pages"/><value value="input/images"/></parameter><parameter><code value="path-tx-cache"/><value value="input-cache/txcache"/></parameter></definition></ImplementationGuide>