{
  "resourceType": "ValueSet",
  "id": "source-classification-values",
  "text": {
    "status": "generated",
    "div": "<div xmlns=\"http://www.w3.org/1999/xhtml\"><ul><li>Include all codes defined in <a href=\"CodeSystem-process-meta-primary-or-secondary.html\"><code>http://ibm.com/fhir/cdm/CodeSystem/process-meta-primary-or-secondary</code></a></li></ul></div>"
  },
  "url": "http://ibm.com/fhir/cdm/ValueSet/source-classification-values",
  "version": "0.1.0",
  "name": "SourceClassificationValueSet",
  "title": "Primary or Secondary Value Set",
  "status": "active",
  "date": "2021-07-01T19:19:44+00:00",
  "contact": [
    {
      "name": "Kim Kenna",
      "telecom": [
        {
          "system": "email",
          "value": "sloand@us.ibm.com"
        }
      ]
    },
    {
      "name": "Tom Eggebraaten",
      "telecom": [
        {
          "system": "email",
          "value": "tegge@us.ibm.com"
        }
      ]
    }
  ],
  "description": "Source Classification Value Set",
  "compose": {
    "include": [
      {
        "system": "http://ibm.com/fhir/cdm/CodeSystem/process-meta-primary-or-secondary"
      }
    ]
  }
}