{"resourceType":"ImplementationGuide","id":"alvearie.fhir.ig","text":{"status":"extensions","div":"<div xmlns=\"http://www.w3.org/1999/xhtml\"><h2>AlvearieFHIRImplementationGuide</h2><p>The official URL for this implementation guide is: </p><pre>http://ibm.com/fhir/cdm/ImplementationGuide/alvearie.fhir.ig</pre><div><p>Alvearie FHIR Profiles</p>\n</div></div>"},"url":"http://ibm.com/fhir/cdm/ImplementationGuide/alvearie.fhir.ig","version":"0.1.0","name":"AlvearieFHIRImplementationGuide","title":"Alvearie FHIR Implementation Guide","status":"active","date":"2021-07-01T22:26:19+00:00","contact":[{"name":"Kim Kenna","telecom":[{"system":"email","value":"sloand@us.ibm.com"}]},{"name":"Tom Eggebraaten","telecom":[{"system":"email","value":"tegge@us.ibm.com"}]}],"description":"Alvearie FHIR Profiles","packageId":"alvearie.fhir.ig","license":"CC0-1.0","fhirVersion":["4.0.1"],"dependsOn":[{"id":"hl7_fhir_us_core","uri":"http://hl7.org/fhir/us/core/ImplementationGuide/hl7.fhir.us.core","packageId":"hl7.fhir.us.core","version":"3.1.0"}],"definition":{"extension":[{"extension":[{"url":"code","valueString":"copyrightyear"},{"url":"value","valueString":"2021+"}],"url":"http://hl7.org/fhir/tools/StructureDefinition/ig-parameter"},{"extension":[{"url":"code","valueString":"releaselabel"},{"url":"value","valueString":"CI Build"}],"url":"http://hl7.org/fhir/tools/StructureDefinition/ig-parameter"},{"extension":[{"url":"code","valueString":"show-inherited-invariants"},{"url":"value","valueString":"false"}],"url":"http://hl7.org/fhir/tools/StructureDefinition/ig-parameter"},{"extension":[{"url":"code","valueString":"path-liquid"},{"url":"value","valueString":"template/liquid"}],"url":"http://hl7.org/fhir/tools/StructureDefinition/ig-parameter"},{"extension":[{"url":"code","valueString":"path-liquid"},{"url":"value","valueString":"input/liquid"}],"url":"http://hl7.org/fhir/tools/StructureDefinition/ig-parameter"},{"extension":[{"url":"code","valueString":"path-qa"},{"url":"value","valueString":"temp/qa"}],"url":"http://hl7.org/fhir/tools/StructureDefinition/ig-parameter"},{"extension":[{"url":"code","valueString":"path-temp"},{"url":"value","valueString":"temp/pages"}],"url":"http://hl7.org/fhir/tools/StructureDefinition/ig-parameter"},{"extension":[{"url":"code","valueString":"path-output"},{"url":"value","valueString":"output"}],"url":"http://hl7.org/fhir/tools/StructureDefinition/ig-parameter"},{"extension":[{"url":"code","valueString":"path-suppressed-warnings"},{"url":"value","valueString":"input/ignoreWarnings.txt"}],"url":"http://hl7.org/fhir/tools/StructureDefinition/ig-parameter"},{"extension":[{"url":"code","valueString":"path-history"},{"url":"value","valueString":"http://ibm.com/fhir/cdm/history.html"}],"url":"http://hl7.org/fhir/tools/StructureDefinition/ig-parameter"},{"extension":[{"url":"code","valueString":"template-html"},{"url":"value","valueString":"template-page.html"}],"url":"http://hl7.org/fhir/tools/StructureDefinition/ig-parameter"},{"extension":[{"url":"code","valueString":"template-md"},{"url":"value","valueString":"template-page-md.html"}],"url":"http://hl7.org/fhir/tools/StructureDefinition/ig-parameter"},{"extension":[{"url":"code","valueString":"apply-contact"},{"url":"value","valueString":"true"}],"url":"http://hl7.org/fhir/tools/StructureDefinition/ig-parameter"},{"extension":[{"url":"code","valueString":"apply-context"},{"url":"value","valueString":"true"}],"url":"http://hl7.org/fhir/tools/StructureDefinition/ig-parameter"},{"extension":[{"url":"code","valueString":"apply-copyright"},{"url":"value","valueString":"true"}],"url":"http://hl7.org/fhir/tools/StructureDefinition/ig-parameter"},{"extension":[{"url":"code","valueString":"apply-jurisdiction"},{"url":"value","valueString":"true"}],"url":"http://hl7.org/fhir/tools/StructureDefinition/ig-parameter"},{"extension":[{"url":"code","valueString":"apply-license"},{"url":"value","valueString":"true"}],"url":"http://hl7.org/fhir/tools/StructureDefinition/ig-parameter"},{"extension":[{"url":"code","valueString":"apply-publisher"},{"url":"value","valueString":"true"}],"url":"http://hl7.org/fhir/tools/StructureDefinition/ig-parameter"},{"extension":[{"url":"code","valueString":"apply-version"},{"url":"value","valueString":"true"}],"url":"http://hl7.org/fhir/tools/StructureDefinition/ig-parameter"},{"extension":[{"url":"code","valueString":"active-tables"},{"url":"value","valueString":"true"}],"url":"http://hl7.org/fhir/tools/StructureDefinition/ig-parameter"}],"grouping":[{"id":"-str-profile","name":"Structures: Resource Profiles","description":"These define constraints on FHIR resources for systems conforming to this implementation guide"},{"id":"-str-datatype","name":"Structures: Data Type Profiles","description":"These define constraints on FHIR data types for systems conforming to this implementation guide"},{"id":"-str-extension","name":"Structures: Extension Definitions","description":"These define constraints on FHIR data types for systems conforming to this implementation guide"},{"id":"-term-valueset","name":"Terminology: Value Sets","description":"These define sets of codes used by systems conforming to this implementation guide"},{"id":"-term-codesystem","name":"Terminology: Code Systems","description":"These define new code systems used by systems conforming to this implementation guide"},{"id":"-ex-example","name":"Example: Example Instances","description":"These are example instances that show what data produced and consumed by systems conforming with this implementation guide might look like"}],"resource":[{"extension":[{"url":"http://hl7.org/fhir/StructureDefinition/implementationguide-page","valueUri":"StructureDefinition-cdm-appointment.html"}],"reference":{"reference":"StructureDefinition/cdm-appointment"},"name":"CDM Appointment","description":"TEST MOD FIVE FOR 55","exampleBoolean":false,"groupingId":"-str-profile"},{"extension":[{"url":"http://hl7.org/fhir/StructureDefinition/implementationguide-page","valueUri":"StructureDefinition-process-meta.html"}],"reference":{"reference":"StructureDefinition/process-meta"},"name":"Process Meta","description":"Data lineage meta with process extensions","exampleBoolean":false,"groupingId":"-str-datatype"},{"extension":[{"url":"http://hl7.org/fhir/StructureDefinition/implementationguide-page","valueUri":"StructureDefinition-ingestion-batch-id.html"}],"reference":{"reference":"StructureDefinition/ingestion-batch-id"},"name":"Ingestion Batch Id","description":"The ID generated by an ingestion service. This represents a producer-submitted message collection","exampleBoolean":false,"groupingId":"-str-extension"},{"extension":[{"url":"http://hl7.org/fhir/StructureDefinition/implementationguide-page","valueUri":"StructureDefinition-process-client-id.html"}],"reference":{"reference":"StructureDefinition/process-client-id"},"name":"Process Client ID","description":"The ID of the client as recorded in the data producer or data integrator source system(s)","exampleBoolean":false,"groupingId":"-str-extension"},{"extension":[{"url":"http://hl7.org/fhir/StructureDefinition/implementationguide-page","valueUri":"StructureDefinition-process-name.html"}],"reference":{"reference":"StructureDefinition/process-name"},"name":"Process Name","description":"The name of the process or service that has produced the data held in the FHIR resource or element. Example: If an IBM analytic service has been the producer, use the process-name as the name of that analytic service.","exampleBoolean":false,"groupingId":"-str-extension"},{"extension":[{"url":"http://hl7.org/fhir/StructureDefinition/implementationguide-page","valueUri":"StructureDefinition-process-organization.html"}],"reference":{"reference":"StructureDefinition/process-organization"},"name":"Process Organization","description":"The organizing entity that owns the process that has produced the data held in the FHIR resource or element. Example: If an IBM analytic service has been the producer, set the process-organization value to IBM.","exampleBoolean":false,"groupingId":"-str-extension"},{"extension":[{"url":"http://hl7.org/fhir/StructureDefinition/implementationguide-page","valueUri":"StructureDefinition-process-record-id.html"}],"reference":{"reference":"StructureDefinition/process-record-id"},"name":"Process Record ID","description":"The record ID that the data producer or data integrator uses internally to identify this data","exampleBoolean":false,"groupingId":"-str-extension"},{"extension":[{"url":"http://hl7.org/fhir/StructureDefinition/implementationguide-page","valueUri":"StructureDefinition-process-timestamp.html"}],"reference":{"reference":"StructureDefinition/process-timestamp"},"name":"Process Timestamp","description":"The timestamp when the data was generated within the FHIR resource or element","exampleBoolean":false,"groupingId":"-str-extension"},{"extension":[{"url":"http://hl7.org/fhir/StructureDefinition/implementationguide-page","valueUri":"StructureDefinition-process-type.html"}],"reference":{"reference":"StructureDefinition/process-type"},"name":"Process Type","description":"The classification type of the process that has produced the data held in either the FHIR resource or element. Example: If the process is primarily a Natural Language Processing (NLP) service, you can specify NLP as the type. Or, if the process is primarily one that aggregates and groups related items, you can specify Grouper as the type.","exampleBoolean":false,"groupingId":"-str-extension"},{"extension":[{"url":"http://hl7.org/fhir/StructureDefinition/implementationguide-page","valueUri":"StructureDefinition-process-version.html"}],"reference":{"reference":"StructureDefinition/process-version"},"name":"Process Version","description":"The version of either the process or the service that has produced the data held in the FHIR resource or element","exampleBoolean":false,"groupingId":"-str-extension"},{"extension":[{"url":"http://hl7.org/fhir/StructureDefinition/implementationguide-page","valueUri":"StructureDefinition-source-data-model-version.html"}],"reference":{"reference":"StructureDefinition/source-data-model-version"},"name":"Source Data Model Version","description":"Version of the source system's data model, used by either the data producer or the data integrator","exampleBoolean":false,"groupingId":"-str-extension"},{"extension":[{"url":"http://hl7.org/fhir/StructureDefinition/implementationguide-page","valueUri":"StructureDefinition-source-event-timestamp.html"}],"reference":{"reference":"StructureDefinition/source-event-timestamp"},"name":"Source Event Timestamp","description":"Date and time of the source event that triggers either the creation or updating of this FHIR resource","exampleBoolean":false,"groupingId":"-str-extension"},{"extension":[{"url":"http://hl7.org/fhir/StructureDefinition/implementationguide-page","valueUri":"StructureDefinition-source-event-trigger.html"}],"reference":{"reference":"StructureDefinition/source-event-trigger"},"name":"Source Event Trigger","description":"The event that is the catalyst for creating or updating this FHIR resource","exampleBoolean":false,"groupingId":"-str-extension"},{"extension":[{"url":"http://hl7.org/fhir/StructureDefinition/implementationguide-page","valueUri":"StructureDefinition-source-file-id.html"}],"reference":{"reference":"StructureDefinition/source-file-id"},"name":"Source File ID","description":"The ID for a file from which the data producer or data integrator extracted knowledge, to produce the data within this FHIR resource or element","exampleBoolean":false,"groupingId":"-str-extension"},{"extension":[{"url":"http://hl7.org/fhir/StructureDefinition/implementationguide-page","valueUri":"StructureDefinition-source-record-id.html"}],"reference":{"reference":"StructureDefinition/source-record-id"},"name":"Source Record ID","description":"The ID for a record that the data producer or data integrator extracted knowledge from to produce the data within the FHIR resource or element","exampleBoolean":false,"groupingId":"-str-extension"},{"extension":[{"url":"http://hl7.org/fhir/StructureDefinition/implementationguide-page","valueUri":"StructureDefinition-source-record-type.html"}],"reference":{"reference":"StructureDefinition/source-record-type"},"name":"Source Record Type","description":"Either the data model type or schema type that generates this FHIR resource","exampleBoolean":false,"groupingId":"-str-extension"},{"extension":[{"url":"http://hl7.org/fhir/StructureDefinition/implementationguide-page","valueUri":"StructureDefinition-tenant-id.html"}],"reference":{"reference":"StructureDefinition/tenant-id"},"name":"Tenant Id","description":"The ID for either the client or tenant that holds the contract with the data receiver, as recorded by the data receiver. This ID must be unique to data sent on behalf of that client or tenant within the data receiver systems. The receiver systems should associate this ID to the messages that originate from this client or tenant. This supports traceability, data protection, and data isolation, when appropriate.","exampleBoolean":false,"groupingId":"-str-extension"},{"extension":[{"url":"http://hl7.org/fhir/StructureDefinition/implementationguide-page","valueUri":"ValueSet-appointment-cancellation-reason.html"}],"reference":{"reference":"ValueSet/appointment-cancellation-reason"},"name":"Appointment Cancellation Reason Value Set","description":"Extended set of reasons for the cancellation of an appointment","exampleBoolean":false,"groupingId":"-term-valueset"},{"extension":[{"url":"http://hl7.org/fhir/StructureDefinition/implementationguide-page","valueUri":"ValueSet-identifier-type.html"}],"reference":{"reference":"ValueSet/identifier-type"},"name":"Identifier Type Value Set","description":"Extended set of identifier type codes from FHIR HL7 and extended IBM Health Data Connect Common Data Model resource identifiers","exampleBoolean":false,"groupingId":"-term-valueset"},{"extension":[{"url":"http://hl7.org/fhir/StructureDefinition/implementationguide-page","valueUri":"ValueSet-source-classification-values.html"}],"reference":{"reference":"ValueSet/source-classification-values"},"name":"Primary or Secondary Value Set","description":"Source Classification Value Set","exampleBoolean":false,"groupingId":"-term-valueset"},{"extension":[{"url":"http://hl7.org/fhir/StructureDefinition/implementationguide-page","valueUri":"CodeSystem-appointment-cancellation-reason.html"}],"reference":{"reference":"CodeSystem/appointment-cancellation-reason"},"name":"Appointment Cancellation Reason Codes","description":"Extended reasons for the cancellation of an appointment","exampleBoolean":false,"groupingId":"-term-codesystem"},{"extension":[{"url":"http://hl7.org/fhir/StructureDefinition/implementationguide-page","valueUri":"CodeSystem-identifier-type.html"}],"reference":{"reference":"CodeSystem/identifier-type"},"name":"Identifier Type Codes","description":"Extended set of Identifier type code for IBM Health Data Connect Common Data Model resources","exampleBoolean":false,"groupingId":"-term-codesystem"},{"extension":[{"url":"http://hl7.org/fhir/StructureDefinition/implementationguide-page","valueUri":"CodeSystem-process-meta-primary-or-secondary.html"}],"reference":{"reference":"CodeSystem/process-meta-primary-or-secondary"},"name":"Primary or Secondary","description":"Identifies the origin of the data elements from primary or secondary systems","exampleBoolean":false,"groupingId":"-term-codesystem"},{"extension":[{"url":"http://hl7.org/fhir/StructureDefinition/implementationguide-page","valueUri":"Appointment-AppointmentExample.html"}],"reference":{"reference":"Appointment/AppointmentExample"},"name":"CDM Appointment Example","description":"Sample appointment in booked status","exampleCanonical":"http://ibm.com/fhir/cdm/StructureDefinition/cdm-appointment","groupingId":"-ex-example"}],"page":{"nameUrl":"toc.html","title":"Table of Contents","generation":"html","page":[{"nameUrl":"index.html","title":"Home","generation":"markdown"},{"nameUrl":"artifacts.html","title":"Artifacts Summary","generation":"html","page":[{"nameUrl":"StructureDefinition-cdm-appointment.html","title":"CDM Appointment","generation":"generated"},{"nameUrl":"StructureDefinition-process-meta.html","title":"Process Meta","generation":"generated"},{"nameUrl":"StructureDefinition-ingestion-batch-id.html","title":"Ingestion Batch Id","generation":"generated"},{"nameUrl":"StructureDefinition-process-client-id.html","title":"Process Client ID","generation":"generated"},{"nameUrl":"StructureDefinition-process-name.html","title":"Process Name","generation":"generated"},{"nameUrl":"StructureDefinition-process-organization.html","title":"Process Organization","generation":"generated"},{"nameUrl":"StructureDefinition-process-record-id.html","title":"Process Record ID","generation":"generated"},{"nameUrl":"StructureDefinition-process-timestamp.html","title":"Process Timestamp","generation":"generated"},{"nameUrl":"StructureDefinition-process-type.html","title":"Process Type","generation":"generated"},{"nameUrl":"StructureDefinition-process-version.html","title":"Process Version","generation":"generated"},{"nameUrl":"StructureDefinition-source-data-model-version.html","title":"Source Data Model Version","generation":"generated"},{"nameUrl":"StructureDefinition-source-event-timestamp.html","title":"Source Event Timestamp","generation":"generated"},{"nameUrl":"StructureDefinition-source-event-trigger.html","title":"Source Event Trigger","generation":"generated"},{"nameUrl":"StructureDefinition-source-file-id.html","title":"Source File ID","generation":"generated"},{"nameUrl":"StructureDefinition-source-record-id.html","title":"Source Record ID","generation":"generated"},{"nameUrl":"StructureDefinition-source-record-type.html","title":"Source Record Type","generation":"generated"},{"nameUrl":"StructureDefinition-tenant-id.html","title":"Tenant Id","generation":"generated"},{"nameUrl":"ValueSet-appointment-cancellation-reason.html","title":"Appointment Cancellation Reason Value Set","generation":"generated"},{"nameUrl":"ValueSet-identifier-type.html","title":"Identifier Type Value Set","generation":"generated"},{"nameUrl":"ValueSet-source-classification-values.html","title":"Primary or Secondary Value Set","generation":"generated"},{"nameUrl":"CodeSystem-appointment-cancellation-reason.html","title":"Appointment Cancellation Reason Codes","generation":"generated"},{"nameUrl":"CodeSystem-identifier-type.html","title":"Identifier Type Codes","generation":"generated"},{"nameUrl":"CodeSystem-process-meta-primary-or-secondary.html","title":"Primary or Secondary","generation":"generated"},{"nameUrl":"Appointment-AppointmentExample.html","title":"CDM Appointment Example","generation":"generated"}]}]},"parameter":[{"code":"path-resource","value":"input/capabilities"},{"code":"path-resource","value":"input/examples"},{"code":"path-resource","value":"input/extensions"},{"code":"path-resource","value":"input/models"},{"code":"path-resource","value":"input/operations"},{"code":"path-resource","value":"input/profiles"},{"code":"path-resource","value":"input/resources"},{"code":"path-resource","value":"input/vocabulary"},{"code":"path-resource","value":"input/maps"},{"code":"path-resource","value":"input/testing"},{"code":"path-resource","value":"input/history"},{"code":"path-resource","value":"fsh-generated/resources"},{"code":"path-pages","value":"template/config"},{"code":"path-pages","value":"input/images"},{"code":"path-tx-cache","value":"input-cache/txcache"}]}}