{
  "resourceType": "Appointment",
  "id": "AppointmentExample",
  "meta": {
    "extension": [
      {
        "url": "http://ibm.com/fhir/cdm/StructureDefinition/tenant-id",
        "valueString": "99999"
      },
      {
        "url": "http://ibm.com/fhir/cdm/StructureDefinition/ingestion-batch-id",
        "valueString": "b069a545-9506-40c6-8498-23de2e189143"
      }
    ],
    "source": "http://acme-health.com/emr1",
    "profile": [
      "http://ibm.com/fhir/cdm/StructureDefinition/cdm-appointment"
    ]
  },
  "text": {
    "status": "generated",
    "div": "<div xmlns=\"http://www.w3.org/1999/xhtml\"><p><b>Generated Narrative</b></p><p><b>identifier</b>: Source System Row Identifier: 7e5ce175-e626-43ec-b8d2-9c1c1207e9ba (OFFICIAL)</p><p><b>status</b>: booked</p><p><b>serviceCategory</b>: <span title=\"Codes: {http://terminology.hl7.org/CodeSystem/service-category 17}\">General Practice</span></p><p><b>serviceType</b>: <span title=\"Codes: {http://terminology.hl7.org/CodeSystem/service-type 367}\">Hypertension</span></p><p><b>specialty</b>: <span title=\"Codes: {http://snomed.info/sct 394802001}\">General medicine</span></p><p><b>appointmentType</b>: <span title=\"Codes: {http://terminology.hl7.org/CodeSystem/v2-0276 CHECKUP}\">A routine check-up, such as an annual physical</span></p><p><b>reasonCode</b>: <span title=\"Codes: {http://snomed.info/sct 1201005}\">Benign essential hypertension</span></p><p><b>start</b>: Apr 15, 2020 9:00:00 AM</p><p><b>end</b>: Apr 15, 2020 9:15:00 AM</p><p><b>minutesDuration</b>: 15</p><p><b>created</b>: Apr 1, 2020 11:45:00 AM</p><p><b>comment</b>: Patient medications working as expected. DM under control. Refill Bytolic and Valartan.</p><p><b>patientInstruction</b>: Take your meds every day.  Excercise more, eat less!</p><blockquote><p><b>participant</b></p><p><b>actor</b>: <a href=\"CDMPatientInstance\">CDMPatientInstance</a></p><p><b>required</b>: required</p><p><b>status</b>: accepted</p></blockquote><blockquote><p><b>participant</b></p><p><b>type</b>: <span title=\"Codes: {http://terminology.hl7.org/CodeSystem/v3-ParticipationType PPRF}\">primary performer</span></p><p><b>actor</b>: <a href=\"DrKelly\">DrKelly</a></p><p><b>required</b>: required</p><p><b>status</b>: accepted</p><p><b>period</b>: Apr 15, 2020 9:00:00 AM --&gt; Apr 15, 2020 9:15:00 AM</p></blockquote><blockquote><p><b>participant</b></p><p><b>actor</b>: <a href=\"KellyClinic\">KellyClinic</a></p><p><b>required</b>: required</p><p><b>status</b>: accepted</p><p><b>period</b>: Apr 15, 2020 9:00:00 AM --&gt; Apr 15, 2020 9:15:00 AM</p></blockquote></div>"
  },
  "identifier": [
    {
      "use": "official",
      "type": {
        "coding": [
          {
            "system": "http://ibm.com/fhir/cdm/CodeSystem/identifier-type",
            "code": "SSRI"
          }
        ]
      },
      "system": "http://acme-health.com/emr1/appointment",
      "value": "7e5ce175-e626-43ec-b8d2-9c1c1207e9ba",
      "assigner": {
        "display": "Acme Health - EMR1"
      }
    }
  ],
  "status": "booked",
  "serviceCategory": [
    {
      "coding": [
        {
          "system": "http://terminology.hl7.org/CodeSystem/service-category",
          "code": "17",
          "display": "General Practice"
        }
      ]
    }
  ],
  "serviceType": [
    {
      "coding": [
        {
          "system": "http://terminology.hl7.org/CodeSystem/service-type",
          "code": "367",
          "display": "Hypertension"
        }
      ]
    }
  ],
  "specialty": [
    {
      "coding": [
        {
          "system": "http://snomed.info/sct",
          "code": "394802001",
          "display": "General medicine"
        }
      ]
    }
  ],
  "appointmentType": {
    "coding": [
      {
        "system": "http://terminology.hl7.org/CodeSystem/v2-0276",
        "code": "CHECKUP"
      }
    ]
  },
  "reasonCode": [
    {
      "coding": [
        {
          "system": "http://snomed.info/sct",
          "code": "1201005",
          "display": "Benign essential hypertension"
        }
      ]
    }
  ],
  "start": "2020-04-15T09:00:00Z",
  "end": "2020-04-15T09:15:00Z",
  "minutesDuration": 15,
  "created": "2020-04-01T11:45:00Z",
  "comment": "Patient medications working as expected. DM under control. Refill Bytolic and Valartan.",
  "patientInstruction": "Take your meds every day.  Excercise more, eat less!",
  "participant": [
    {
      "actor": {
        "reference": "CDMPatientInstance"
      },
      "required": "required",
      "status": "accepted"
    },
    {
      "type": [
        {
          "coding": [
            {
              "system": "http://terminology.hl7.org/CodeSystem/v3-ParticipationType",
              "code": "PPRF",
              "display": "primary performer"
            }
          ]
        }
      ],
      "actor": {
        "reference": "DrKelly"
      },
      "required": "required",
      "status": "accepted",
      "period": {
        "start": "2020-04-15T09:00:00Z",
        "end": "2020-04-15T09:15:00Z"
      }
    },
    {
      "actor": {
        "reference": "KellyClinic"
      },
      "required": "required",
      "status": "accepted",
      "period": {
        "start": "2020-04-15T09:00:00Z",
        "end": "2020-04-15T09:15:00Z"
      }
    }
  ]
}