{
  "resourceType": "CodeSystem",
  "id": "process-meta-primary-or-secondary",
  "text": {
    "status": "generated",
    "div": "<div xmlns=\"http://www.w3.org/1999/xhtml\"><p>This code system http://ibm.com/fhir/cdm/CodeSystem/process-meta-primary-or-secondary defines the following codes:</p><table class=\"codes\"><tr><td style=\"white-space:nowrap\"><b>Code</b></td><td><b>Display</b></td><td><b>Definition</b></td></tr><tr><td style=\"white-space:nowrap\">PRIMARY<a name=\"process-meta-primary-or-secondary-PRIMARY\"> </a></td><td>Primary</td><td>Primary data originates from the source system or the data integrator.</td></tr><tr><td style=\"white-space:nowrap\">SECONDARY<a name=\"process-meta-primary-or-secondary-SECONDARY\"> </a></td><td>Secondary</td><td>Secondary data is transalated or derived data produced by a data processor that aggregates, interprets, derives or in some other way processes and enhances the source data.</td></tr></table></div>"
  },
  "url": "http://ibm.com/fhir/cdm/CodeSystem/process-meta-primary-or-secondary",
  "version": "0.1.0",
  "name": "PrimaryOrSecondary",
  "title": "Primary or Secondary",
  "status": "active",
  "date": "2021-07-26T18:41:27+00:00",
  "contact": [
    {
      "name": "Kim Kenna",
      "telecom": [
        {
          "system": "email",
          "value": "sloand@us.ibm.com"
        }
      ]
    },
    {
      "name": "Tom Eggebraaten",
      "telecom": [
        {
          "system": "email",
          "value": "tegge@us.ibm.com"
        }
      ]
    }
  ],
  "description": "Identifies the origin of the data elements from primary or secondary systems",
  "content": "complete",
  "count": 2,
  "concept": [
    {
      "code": "PRIMARY",
      "display": "Primary",
      "definition": "Primary data originates from the source system or the data integrator."
    },
    {
      "code": "SECONDARY",
      "display": "Secondary",
      "definition": "Secondary data is transalated or derived data produced by a data processor that aggregates, interprets, derives or in some other way processes and enhances the source data."
    }
  ]
}